Word(s),Spoken Form (If Different)
,
nmap,N map
,
under-documented,under documented
,
nmap,
,
admin,
,
Cisco,
,
Citrix,
,
VPN,
,
DNS,
,
Minecraft,
,
Eduard,Edward
,
T-bet,tibet
,
Taryn,teren
,
breeder,breather
,
breeders,breathers
,
Ansaldo,and seldom
,
IL-,isle
,
granzyme,grandsire
,
bioinformatics,by informatics
,
Gine,genie
,
T cell,diesel
,
Belkaid,bell cade
,
inflammasome,inflame som
eppendorfs
eppendorf
Intracellular
RNA,R N A
T-bet-ZsGreen
T-bet-ZsGreen,tibet green
Taconic
Transnetyx
cohouse
gavage
gavages
DNA,da
DNAs,das
DNA,then a
DNAs,then as
NIH,N I H
NIHs,N I Hs
NIH,an ah
NIHs,an ahs
T cells,the salts
transcriptome
TCR,T C R
seurat,carat
seurat
vscode
Ejae
plotly
homeostasis
Th1
metascape
splenocytes
lymphopenic
Josary
Qiagen
Nikki
tech,TECH
Drake,drake
PCR,P C R
demultiplexing,the multiplexing
contig
Galina,galina
clonotype
contigs
cellranger
UMAP,U M A P
Tregs
Tregs,TREX
tolerogenic
Belkaid
T cell
T cell,tical
Derek
NextSeq
Mahnoor
demultiplexed
Illumina,illumina
,thistle
T cell,thistle
